t_recv,seq,bytes,t_send,latency_ms
1764724099.522450,1,256,1764724099.489577,32.873
1764724099.526286,2,256,1764724099.494567,31.720
1764724099.531182,3,256,1764724099.499567,31.615
1764724099.536119,4,256,1764724099.504576,31.543
1764724099.541205,5,256,1764724099.509570,31.635
1764724099.546137,6,256,1764724099.514564,31.573
1764724099.551142,7,256,1764724099.519659,31.483
1764724099.556079,8,256,1764724099.524632,31.448
1764724099.561072,9,256,1764724099.529633,31.438
1764724099.566036,10,256,1764724099.534571,31.466
1764724099.570973,11,256,1764724099.539548,31.425
1764724099.576209,12,256,1764724099.544564,31.646
1764724099.581115,13,256,1764724099.549666,31.449
1764724099.586074,14,256,1764724099.554558,31.516
1764724099.591146,15,256,1764724099.559577,31.569
1764724099.596167,16,256,1764724099.564679,31.487
1764724099.601116,17,256,1764724099.569671,31.445
1764724099.606085,18,256,1764724099.574577,31.508
1764724099.611299,19,256,1764724099.579560,31.739
1764724099.616118,20,256,1764724099.584573,31.545
1764724099.621334,21,256,1764724099.589659,31.674
1764724099.626300,22,256,1764724099.594574,31.726
1764724099.631124,23,256,1764724099.599548,31.576
1764724099.636343,24,256,1764724099.604564,31.779
1764724099.641110,25,256,1764724099.609555,31.555
1764724099.646241,26,256,1764724099.614574,31.667
1764724099.651306,27,256,1764724099.619576,31.731
1764724099.656409,28,256,1764724099.624567,31.842
1764724099.661211,29,256,1764724099.629544,31.667
1764724099.666399,30,256,1764724099.634547,31.852
1764724099.671211,31,256,1764724099.639540,31.672
1764724099.676320,32,256,1764724099.644538,31.782
1764724099.681109,33,256,1764724099.649542,31.567
1764724099.686319,34,256,1764724099.654541,31.778
1764724099.691071,35,256,1764724099.659536,31.535
1764724099.696322,36,256,1764724099.664538,31.785
1764724099.701262,37,256,1764724099.669534,31.728
1764724099.706439,38,256,1764724099.674569,31.869
1764724099.711267,39,256,1764724099.679560,31.707
1764724099.716490,40,256,1764724099.684572,31.918
1764724099.721490,41,256,1764724099.689686,31.804
1764724099.726323,42,256,1764724099.694631,31.692
1764724099.731178,43,256,1764724099.699580,31.598
1764724099.736213,44,256,1764724099.704591,31.623
1764724099.741066,45,256,1764724099.709589,31.477
1764724099.746156,46,256,1764724099.714642,31.515
1764724099.751147,47,256,1764724099.719671,31.476
1764724099.756116,48,256,1764724099.724558,31.559
1764724099.761036,49,256,1764724099.729587,31.450
1764724099.766278,50,256,1764724099.734559,31.719
1764724099.771088,51,256,1764724099.739569,31.519
1764724099.776320,52,256,1764724099.744575,31.745
1764724099.781298,53,256,1764724099.749636,31.661
1764724099.786377,54,256,1764724099.754644,31.733
1764724099.791123,55,256,1764724099.759592,31.531
1764724099.796399,56,256,1764724099.764564,31.835
1764724099.801189,57,256,1764724099.769551,31.638
1764724099.806423,58,256,1764724099.774540,31.883
1764724099.811067,59,256,1764724099.779537,31.530
1764724099.816421,60,256,1764724099.784540,31.881
1764724099.820958,61,256,1764724099.789537,31.420
1764724099.826406,62,256,1764724099.794541,31.866
1764724099.830935,63,256,1764724099.799537,31.398
1764724099.836363,64,256,1764724099.804539,31.823
1764724099.841089,65,256,1764724099.809571,31.518
1764724099.846321,66,256,1764724099.814623,31.698
1764724099.851179,67,256,1764724099.819629,31.550
1764724099.856401,68,256,1764724099.824639,31.761
1764724099.861366,69,256,1764724099.829681,31.685
1764724099.866422,70,256,1764724099.834640,31.782
1764724099.871348,71,256,1764724099.839670,31.678
1764724099.876467,72,256,1764724099.844687,31.780
1764724099.881363,73,256,1764724099.849678,31.686
1764724099.886618,74,256,1764724099.854674,31.944
1764724099.891315,75,256,1764724099.859669,31.646
1764724099.896450,76,256,1764724099.864575,31.874
1764724099.901114,77,256,1764724099.869579,31.535
1764724099.906404,78,256,1764724099.874679,31.726
1764724099.911280,79,256,1764724099.879683,31.597
1764724099.916378,80,256,1764724099.884563,31.815
1764724099.921137,81,256,1764724099.889569,31.568
1764724099.926273,82,256,1764724099.894554,31.719
1764724099.930941,83,256,1764724099.899544,31.397
1764724099.936265,84,256,1764724099.904554,31.710
1764724099.940950,85,256,1764724099.909561,31.389
1764724099.946166,86,256,1764724099.914666,31.500
1764724099.951054,87,256,1764724099.919577,31.476
1764724099.956205,88,256,1764724099.924670,31.535
1764724099.961122,89,256,1764724099.929668,31.454
1764724099.966118,90,256,1764724099.934669,31.449
1764724099.971173,91,256,1764724099.939674,31.499
1764724099.976166,92,256,1764724099.944665,31.501
1764724099.981203,93,256,1764724099.949665,31.538
1764724099.986272,94,256,1764724099.954672,31.600
1764724099.991241,95,256,1764724099.959666,31.575
1764724099.996244,96,256,1764724099.964674,31.570
1764724100.001246,97,256,1764724099.969670,31.576
1764724100.006229,98,256,1764724099.974578,31.652
1764724100.011209,99,256,1764724099.979667,31.541
1764724100.016292,100,256,1764724099.984674,31.618
1764724100.021122,101,256,1764724099.989674,31.447
1764724100.026322,102,256,1764724099.994577,31.745
1764724100.031205,103,256,1764724099.999553,31.652
1764724100.036279,104,256,1764724100.004553,31.726
1764724100.040957,105,256,1764724100.009552,31.405
1764724100.046197,106,256,1764724100.014553,31.643
1764724100.050945,107,256,1764724100.019544,31.402
1764724100.056309,108,256,1764724100.024568,31.742
1764724100.060952,109,256,1764724100.029564,31.388
1764724100.066288,110,256,1764724100.034562,31.726
1764724100.070947,111,256,1764724100.039550,31.397
1764724100.076122,112,256,1764724100.044551,31.571
1764724100.081152,113,256,1764724100.049677,31.475
1764724100.086228,114,256,1764724100.054554,31.675
1764724100.091040,115,256,1764724100.059554,31.486
1764724100.096115,116,256,1764724100.064552,31.563
1764724100.100970,117,256,1764724100.069552,31.417
1764724100.106105,118,256,1764724100.074547,31.558
1764724100.111025,119,256,1764724100.079613,31.412
1764724100.116177,120,256,1764724100.084553,31.624
1764724100.121169,121,256,1764724100.089561,31.609
1764724100.126413,122,256,1764724100.094552,31.861
1764724100.131155,123,256,1764724100.099557,31.598
1764724100.136318,124,256,1764724100.104559,31.759
1764724100.141264,125,256,1764724100.109671,31.594
1764724100.146266,126,256,1764724100.114558,31.708
1764724100.151105,127,256,1764724100.119561,31.544
1764724100.156164,128,256,1764724100.124548,31.616
1764724100.161044,129,256,1764724100.129549,31.495
1764724100.166169,130,256,1764724100.134550,31.619
1764724100.171268,131,256,1764724100.139666,31.603
1764724100.176268,132,256,1764724100.144563,31.705
1764724100.181135,133,256,1764724100.149621,31.514
1764724100.186251,134,256,1764724100.154632,31.620
1764724100.191019,135,256,1764724100.159561,31.458
1764724100.196270,136,256,1764724100.164629,31.641
1764724100.201089,137,256,1764724100.169659,31.430
1764724100.206114,138,256,1764724100.174685,31.429
1764724100.211199,139,256,1764724100.179717,31.482
1764724100.216059,140,256,1764724100.184590,31.469
1764724100.221605,141,256,1764724100.189572,32.033
1764724100.226137,142,256,1764724100.194633,31.503
1764724100.231031,143,256,1764724100.199560,31.471
1764724100.236073,144,256,1764724100.204553,31.520
1764724100.241063,145,256,1764724100.209566,31.498
1764724100.246131,146,256,1764724100.214560,31.571
1764724100.253158,147,256,1764724100.221348,31.811
1764724100.256205,148,256,1764724100.224578,31.627
1764724100.261046,149,256,1764724100.229568,31.478
1764724100.266164,150,256,1764724100.234570,31.594
1764724100.271067,151,256,1764724100.239568,31.500
1764724100.276136,152,256,1764724100.244545,31.590
1764724100.281099,153,256,1764724100.249581,31.518
1764724100.286137,154,256,1764724100.254588,31.549
1764724100.291337,155,256,1764724100.259608,31.729
1764724100.296189,156,256,1764724100.264582,31.607
1764724100.301020,157,256,1764724100.269565,31.456
1764724100.306290,158,256,1764724100.274556,31.734
1764724100.311035,159,256,1764724100.279557,31.477
1764724100.316119,160,256,1764724100.284555,31.563
1764724100.321070,161,256,1764724100.289591,31.479
1764724100.326169,162,256,1764724100.294574,31.595
1764724100.331066,163,256,1764724100.299572,31.494
1764724100.336200,164,256,1764724100.304565,31.634
1764724100.341010,165,256,1764724100.309570,31.440
1764724100.346086,166,256,1764724100.314565,31.521
1764724100.351072,167,256,1764724100.319585,31.487
1764724100.356304,168,256,1764724100.324615,31.690
1764724100.361101,169,256,1764724100.329587,31.514
1764724100.366197,170,256,1764724100.334569,31.628
1764724100.371056,171,256,1764724100.339574,31.482
1764724100.376156,172,256,1764724100.344587,31.569
1764724100.381058,173,256,1764724100.349575,31.483
1764724100.386148,174,256,1764724100.354584,31.564
1764724100.391118,175,256,1764724100.359586,31.533
1764724100.396123,176,256,1764724100.364582,31.541
1764724100.401034,177,256,1764724100.369567,31.467
1764724100.406333,178,256,1764724100.374567,31.766
1764724100.411030,179,256,1764724100.379562,31.468
1764724100.416290,180,256,1764724100.384554,31.736
1764724100.421161,181,256,1764724100.389569,31.593
1764724100.426385,182,256,1764724100.394551,31.834
1764724100.431155,183,256,1764724100.399575,31.580
1764724100.436412,184,256,1764724100.404564,31.847
1764724100.441015,185,256,1764724100.409566,31.449
1764724100.446163,186,256,1764724100.414578,31.584
1764724100.451071,187,256,1764724100.419569,31.502
1764724100.456233,188,256,1764724100.424595,31.638
1764724100.461093,189,256,1764724100.429583,31.510
1764724100.466201,190,256,1764724100.434572,31.629
1764724100.471162,191,256,1764724100.439577,31.585
1764724100.476368,192,256,1764724100.444581,31.787
1764724100.481175,193,256,1764724100.449580,31.595
1764724100.486447,194,256,1764724100.454584,31.863
1764724100.491355,195,256,1764724100.459609,31.747
1764724100.496407,196,256,1764724100.464580,31.827
1764724100.501134,197,256,1764724100.469581,31.553
1764724100.506386,198,256,1764724100.474569,31.817
1764724100.511381,199,256,1764724100.479674,31.706
1764724100.516289,200,256,1764724100.484573,31.716
1764724100.521075,201,256,1764724100.489609,31.467
1764724100.526405,202,256,1764724100.494667,31.739
1764724100.531125,203,256,1764724100.499594,31.531
1764724100.536369,204,256,1764724100.504583,31.786
1764724100.541152,205,256,1764724100.509585,31.567
1764724100.546299,206,256,1764724100.514563,31.737
1764724100.551191,207,256,1764724100.519557,31.633
1764724100.556319,208,256,1764724100.524600,31.718
1764724100.561097,209,256,1764724100.529624,31.473
1764724100.566175,210,256,1764724100.534584,31.590
1764724100.571162,211,256,1764724100.539569,31.592
1764724100.576161,212,256,1764724100.544572,31.590
1764724100.581156,213,256,1764724100.549610,31.547
1764724100.586353,214,256,1764724100.554645,31.708
1764724100.591341,215,256,1764724100.559734,31.606
1764724100.596374,216,256,1764724100.564648,31.725
1764724100.601398,217,256,1764724100.569875,31.522
1764724100.606154,218,256,1764724100.574579,31.575
1764724100.611012,219,256,1764724100.579572,31.440
1764724100.616181,220,256,1764724100.584576,31.605
1764724100.621047,221,256,1764724100.589580,31.466
1764724100.626115,222,256,1764724100.594586,31.528
1764724100.631182,223,256,1764724100.599627,31.554
1764724100.636234,224,256,1764724100.604612,31.622
1764724100.641082,225,256,1764724100.609627,31.455
1764724100.646306,226,256,1764724100.614743,31.563
1764724100.651065,227,256,1764724100.619625,31.440
1764724100.656311,228,256,1764724100.624638,31.673
1764724100.661312,229,256,1764724100.629631,31.681
1764724100.666825,230,256,1764724100.635262,31.563
1764724100.671093,231,256,1764724100.639616,31.477
1764724100.676040,232,256,1764724100.644591,31.449
1764724100.681078,233,256,1764724100.649580,31.498
1764724100.686261,234,256,1764724100.654587,31.674
1764724100.691086,235,256,1764724100.659593,31.493
1764724100.696239,236,256,1764724100.664582,31.657
1764724100.701090,237,256,1764724100.669619,31.471
1764724100.709233,238,256,1764724100.674572,34.661
1764724100.711019,239,256,1764724100.679575,31.444
1764724100.716296,240,256,1764724100.684571,31.725
1764724100.721077,241,256,1764724100.689564,31.513
1764724100.726236,242,256,1764724100.694610,31.626
1764724100.730967,243,256,1764724100.699598,31.369
1764724100.740565,244,256,1764724100.709172,31.393
1764724100.741772,245,256,1764724100.709562,32.210
1764724100.746032,246,256,1764724100.714572,31.460
1764724100.751056,247,256,1764724100.719564,31.492
1764724100.756345,248,256,1764724100.724569,31.775
1764724100.761084,249,256,1764724100.729566,31.518
1764724100.766096,250,256,1764724100.734566,31.530
1764724100.771100,251,256,1764724100.739562,31.538
1764724100.776232,252,256,1764724100.744569,31.663
1764724100.781205,253,256,1764724100.749576,31.630
1764724100.786370,254,256,1764724100.754576,31.793
1764724100.790990,255,256,1764724100.759572,31.417
1764724100.796283,256,256,1764724100.764569,31.714
1764724100.801241,257,256,1764724100.769567,31.673
1764724100.806389,258,256,1764724100.774569,31.821
1764724100.811245,259,256,1764724100.779579,31.666
1764724100.816519,260,256,1764724100.784571,31.948
1764724100.821295,261,256,1764724100.789583,31.712
1764724100.826377,262,256,1764724100.794538,31.839
1764724100.831251,263,256,1764724100.799585,31.667
1764724100.836352,264,256,1764724100.804578,31.774
1764724100.841004,265,256,1764724100.809580,31.424
1764724100.846172,266,256,1764724100.814635,31.537
1764724100.851048,267,256,1764724100.819638,31.411
1764724100.856142,268,256,1764724100.824648,31.494
1764724100.861009,269,256,1764724100.829579,31.430
1764724100.866157,270,256,1764724100.834589,31.568
1764724100.871112,271,256,1764724100.839588,31.523
1764724100.876068,272,256,1764724100.844574,31.494
1764724100.880975,273,256,1764724100.849571,31.404
1764724100.886172,274,256,1764724100.854577,31.595
1764724100.891098,275,256,1764724100.859583,31.515
1764724100.896327,276,256,1764724100.864590,31.737
1764724100.901208,277,256,1764724100.869581,31.627
1764724100.906399,278,256,1764724100.874583,31.816
1764724100.911180,279,256,1764724100.879580,31.600
1764724100.916392,280,256,1764724100.884639,31.753
1764724100.921401,281,256,1764724100.889591,31.810
1764724100.926354,282,256,1764724100.894637,31.717
1764724100.931475,283,256,1764724100.899628,31.847
1764724100.936461,284,256,1764724100.904642,31.819
1764724100.941536,285,256,1764724100.909633,31.903
1764724100.946415,286,256,1764724100.914668,31.747
1764724100.951389,287,256,1764724100.919641,31.747
1764724100.956511,288,256,1764724100.924591,31.920
1764724100.961263,289,256,1764724100.929581,31.682
1764724100.966424,290,256,1764724100.934581,31.844
1764724100.971351,291,256,1764724100.939579,31.773
1764724100.976527,292,256,1764724100.944617,31.910
1764724100.981369,293,256,1764724100.949634,31.735
1764724100.986501,294,256,1764724100.954621,31.880
1764724100.991341,295,256,1764724100.959579,31.762
1764724100.996385,296,256,1764724100.964579,31.806
1764724101.001347,297,256,1764724100.969576,31.771
1764724101.006449,298,256,1764724100.974577,31.873
1764724101.011332,299,256,1764724100.979580,31.752
1764724101.016315,300,256,1764724100.984575,31.740
1764724101.021347,301,256,1764724100.989578,31.768
1764724101.026381,302,256,1764724100.994580,31.801
1764724101.031349,303,256,1764724100.999582,31.767
1764724101.036361,304,256,1764724101.004586,31.775
1764724101.041254,305,256,1764724101.009580,31.674
1764724101.046123,306,256,1764724101.014585,31.538
1764724101.051173,307,256,1764724101.019580,31.593
1764724101.056185,308,256,1764724101.024585,31.600
1764724101.060986,309,256,1764724101.029583,31.403
1764724101.066192,310,256,1764724101.034580,31.612
1764724101.071105,311,256,1764724101.039615,31.490
1764724101.076150,312,256,1764724101.044580,31.571
1764724101.081035,313,256,1764724101.049572,31.462
1764724101.086209,314,256,1764724101.054588,31.621
1764724101.091022,315,256,1764724101.059580,31.443
1764724101.096267,316,256,1764724101.064579,31.688
1764724101.101066,317,256,1764724101.069585,31.481
1764724101.106233,318,256,1764724101.074633,31.600
1764724101.111259,319,256,1764724101.079633,31.626
1764724101.116379,320,256,1764724101.084644,31.736
1764724101.121324,321,256,1764724101.089587,31.737
1764724101.126444,322,256,1764724101.094636,31.807
1764724101.131472,323,256,1764724101.099641,31.831
1764724101.136495,324,256,1764724101.104644,31.851
1764724101.141340,325,256,1764724101.109634,31.705
1764724101.146431,326,256,1764724101.114585,31.845
1764724101.151364,327,256,1764724101.119584,31.780
1764724101.156378,328,256,1764724101.124579,31.800
1764724101.161344,329,256,1764724101.129586,31.758
1764724101.166510,330,256,1764724101.134586,31.924
1764724101.171330,331,256,1764724101.139586,31.744
1764724101.176497,332,256,1764724101.144584,31.914
1764724101.181332,333,256,1764724101.149574,31.758
1764724101.186476,334,256,1764724101.154586,31.890
1764724101.191312,335,256,1764724101.159587,31.725
1764724101.196459,336,256,1764724101.164588,31.872
1764724101.201407,337,256,1764724101.169583,31.823
1764724101.206481,338,256,1764724101.174587,31.894
1764724101.211410,339,256,1764724101.179585,31.825
1764724101.216478,340,256,1764724101.184592,31.887
1764724101.221385,341,256,1764724101.189585,31.800
1764724101.226464,342,256,1764724101.194589,31.875
1764724101.231396,343,256,1764724101.199589,31.807
1764724101.236560,344,256,1764724101.204596,31.963
1764724101.241303,345,256,1764724101.209587,31.717
1764724101.246453,346,256,1764724101.214637,31.816
1764724101.251169,347,256,1764724101.219592,31.578
1764724101.256345,348,256,1764724101.224634,31.710
1764724101.261150,349,256,1764724101.229589,31.561
1764724101.266134,350,256,1764724101.234633,31.501
1764724101.271011,351,256,1764724101.239586,31.425
1764724101.276337,352,256,1764724101.244598,31.739
1764724101.281236,353,256,1764724101.249637,31.600
1764724101.286322,354,256,1764724101.254593,31.728
1764724101.291014,355,256,1764724101.259586,31.427
1764724101.296297,356,256,1764724101.264592,31.705
1764724101.301245,357,256,1764724101.269588,31.657
1764724101.306293,358,256,1764724101.274598,31.695
1764724101.311252,359,256,1764724101.279602,31.650
1764724101.316559,360,256,1764724101.284603,31.956
1764724101.321311,361,256,1764724101.289592,31.719
1764724101.326436,362,256,1764724101.294626,31.810
1764724101.331341,363,256,1764724101.299645,31.696
1764724101.336647,364,256,1764724101.304646,32.002
1764724101.341329,365,256,1764724101.309650,31.679
1764724101.346674,366,256,1764724101.314642,32.032
1764724101.351415,367,256,1764724101.319644,31.772
1764724101.356579,368,256,1764724101.324650,31.929
1764724101.361323,369,256,1764724101.329590,31.733
1764724101.366446,370,256,1764724101.334593,31.854
1764724101.371408,371,256,1764724101.339640,31.768
1764724101.376346,372,256,1764724101.344647,31.699
1764724101.381422,373,256,1764724101.349642,31.780
1764724101.386378,374,256,1764724101.354691,31.687
1764724101.391209,375,256,1764724101.359594,31.615
1764724101.396412,376,256,1764724101.364643,31.769
1764724101.401308,377,256,1764724101.369637,31.671
1764724101.406335,378,256,1764724101.374644,31.691
1764724101.411314,379,256,1764724101.379638,31.675
1764724101.416407,380,256,1764724101.384635,31.772
1764724101.421337,381,256,1764724101.389585,31.752
1764724101.426604,382,256,1764724101.394586,32.018
1764724101.431336,383,256,1764724101.399584,31.751
1764724101.436620,384,256,1764724101.404591,32.029
1764724101.441247,385,256,1764724101.409585,31.663
1764724101.446625,386,256,1764724101.414585,32.040
1764724101.451213,387,256,1764724101.419588,31.626
1764724101.456362,388,256,1764724101.424585,31.778
1764724101.461307,389,256,1764724101.429585,31.722
1764724101.466371,390,256,1764724101.434594,31.777
1764724101.471070,391,256,1764724101.439585,31.485
1764724101.476432,392,256,1764724101.444586,31.847
1764724101.481162,393,256,1764724101.449583,31.579
1764724101.486288,394,256,1764724101.454592,31.695
1764724101.491063,395,256,1764724101.459586,31.477
1764724101.496133,396,256,1764724101.464602,31.531
1764724101.501263,397,256,1764724101.469604,31.660
1764724101.506424,398,256,1764724101.474603,31.821
1764724101.511315,399,256,1764724101.479602,31.712
1764724101.516423,400,256,1764724101.484602,31.821
1764724101.521371,401,256,1764724101.489599,31.772
1764724101.526585,402,256,1764724101.494602,31.983
1764724101.531297,403,256,1764724101.499641,31.656
1764724101.536389,404,256,1764724101.504653,31.736
1764724101.541135,405,256,1764724101.509641,31.494
1764724101.546294,406,256,1764724101.514638,31.656
1764724101.551150,407,256,1764724101.519639,31.512
1764724101.556416,408,256,1764724101.524646,31.770
1764724101.561332,409,256,1764724101.529650,31.681
1764724101.566582,410,256,1764724101.534662,31.920
1764724101.571383,411,256,1764724101.539603,31.780
1764724101.576378,412,256,1764724101.544591,31.787
1764724101.581359,413,256,1764724101.549633,31.726
1764724101.586351,414,256,1764724101.554670,31.681
1764724101.591287,415,256,1764724101.559639,31.649
1764724101.596519,416,256,1764724101.564645,31.874
1764724101.601337,417,256,1764724101.569592,31.745
1764724101.606502,418,256,1764724101.574656,31.846
1764724101.611333,419,256,1764724101.579590,31.743
1764724101.616534,420,256,1764724101.584590,31.944
1764724101.621299,421,256,1764724101.589586,31.713
1764724101.626419,422,256,1764724101.594591,31.827
1764724101.631372,423,256,1764724101.599644,31.728
1764724101.636519,424,256,1764724101.604652,31.867
1764724101.641304,425,256,1764724101.609643,31.662
1764724101.646524,426,256,1764724101.614658,31.867
1764724101.651381,427,256,1764724101.619642,31.739
1764724101.656356,428,256,1764724101.624655,31.701
1764724101.661188,429,256,1764724101.629642,31.546
1764724101.666294,430,256,1764724101.634655,31.639
1764724101.671109,431,256,1764724101.639651,31.458
1764724101.676238,432,256,1764724101.644650,31.587
1764724101.681116,433,256,1764724101.649648,31.468
1764724101.686148,434,256,1764724101.654653,31.495
1764724101.691079,435,256,1764724101.659596,31.483
1764724101.696061,436,256,1764724101.664595,31.466
1764724101.701080,437,256,1764724101.669607,31.473
1764724101.706176,438,256,1764724101.674608,31.569
1764724101.711066,439,256,1764724101.679602,31.464
1764724101.716168,440,256,1764724101.684601,31.567
1764724101.721128,441,256,1764724101.689655,31.473
1764724101.726160,442,256,1764724101.694602,31.558
1764724101.731105,443,256,1764724101.699648,31.458
1764724101.736140,444,256,1764724101.704601,31.539
1764724101.741078,445,256,1764724101.709600,31.477
1764724101.746148,446,256,1764724101.714605,31.544
1764724101.751067,447,256,1764724101.719644,31.423
1764724101.756104,448,256,1764724101.724603,31.501
1764724101.761092,449,256,1764724101.729686,31.406
1764724101.766276,450,256,1764724101.734694,31.582
1764724101.771154,451,256,1764724101.739692,31.462
1764724101.776190,452,256,1764724101.744651,31.539
1764724101.781036,453,256,1764724101.749595,31.442
1764724101.786056,454,256,1764724101.754588,31.469
1764724101.790961,455,256,1764724101.759588,31.373
1764724101.796107,456,256,1764724101.764587,31.520
1764724101.800960,457,256,1764724101.769589,31.372
1764724101.806170,458,256,1764724101.774590,31.581
1764724101.811087,459,256,1764724101.779596,31.492
1764724101.816151,460,256,1764724101.784571,31.580
1764724101.821088,461,256,1764724101.789592,31.497
1764724101.826193,462,256,1764724101.794593,31.600
1764724101.831125,463,256,1764724101.799586,31.540
1764724101.836268,464,256,1764724101.804593,31.676
1764724101.841192,465,256,1764724101.809590,31.602
1764724101.846316,466,256,1764724101.814591,31.725
1764724101.851197,467,256,1764724101.819603,31.594
1764724101.856313,468,256,1764724101.824593,31.720
1764724101.861113,469,256,1764724101.829591,31.523
1764724101.866175,470,256,1764724101.834592,31.583
1764724101.871042,471,256,1764724101.839596,31.446
1764724101.876238,472,256,1764724101.844592,31.646
1764724101.881111,473,256,1764724101.849597,31.514
1764724101.886165,474,256,1764724101.854593,31.572
1764724101.891122,475,256,1764724101.859643,31.479
1764724101.896121,476,256,1764724101.864603,31.518
1764724101.901115,477,256,1764724101.869594,31.521
1764724101.906119,478,256,1764724101.874600,31.519
1764724101.911180,479,256,1764724101.879593,31.586
1764724101.916175,480,256,1764724101.884616,31.559
1764724101.921196,481,256,1764724101.889610,31.586
1764724101.926195,482,256,1764724101.894613,31.582
1764724101.931257,483,256,1764724101.899608,31.650
1764724101.936247,484,256,1764724101.904611,31.636
1764724101.941267,485,256,1764724101.909611,31.656
1764724101.946180,486,256,1764724101.914683,31.497
1764724101.951236,487,256,1764724101.919644,31.593
1764724101.956393,488,256,1764724101.924659,31.734
1764724101.961154,489,256,1764724101.929651,31.502
1764724101.966294,490,256,1764724101.934644,31.650
1764724101.971204,491,256,1764724101.939651,31.553
1764724101.976323,492,256,1764724101.944611,31.712
1764724101.981235,493,256,1764724101.949611,31.624
1764724101.986155,494,256,1764724101.954651,31.504
1764724101.991346,495,256,1764724101.959660,31.686
1764724101.996727,496,256,1764724101.964654,32.073
1764724102.001344,497,256,1764724101.969661,31.683
1764724102.006282,498,256,1764724101.974599,31.683
1764724102.011373,499,256,1764724101.979600,31.773
1764724102.016922,500,256,1764724101.984601,32.320
1764724102.021169,501,256,1764724101.989598,31.571
1764724102.026104,502,256,1764724101.994602,31.501
1764724102.031154,503,256,1764724101.999602,31.552
1764724102.036155,504,256,1764724102.004611,31.543
1764724102.041113,505,256,1764724102.009609,31.503
1764724102.046084,506,256,1764724102.014598,31.486
1764724102.051091,507,256,1764724102.019598,31.494
1764724102.056124,508,256,1764724102.024606,31.518
1764724102.061212,509,256,1764724102.029668,31.544
1764724102.066124,510,256,1764724102.034603,31.521
1764724102.071023,511,256,1764724102.039598,31.425
1764724102.076062,512,256,1764724102.044592,31.470
1764724102.081016,513,256,1764724102.049595,31.421
1764724102.086124,514,256,1764724102.054599,31.526
1764724102.090999,515,256,1764724102.059576,31.423
1764724102.096082,516,256,1764724102.064602,31.480
1764724102.101032,517,256,1764724102.069609,31.423
1764724102.106081,518,256,1764724102.074625,31.456
1764724102.112052,519,256,1764724102.080506,31.546
1764724102.116165,520,256,1764724102.084629,31.536
1764724102.121155,521,256,1764724102.089635,31.519
1764724102.126491,522,256,1764724102.094834,31.657
1764724102.131068,523,256,1764724102.099620,31.447
1764724102.136239,524,256,1764724102.104669,31.570
1764724102.141153,525,256,1764724102.109622,31.531
1764724102.146616,526,256,1764724102.115110,31.506
1764724102.151318,527,256,1764724102.119748,31.571
1764724102.156513,528,256,1764724102.124649,31.864
1764724102.161460,529,256,1764724102.129660,31.800
1764724102.166409,530,256,1764724102.134716,31.693
1764724102.171660,531,256,1764724102.139735,31.925
1764724102.176366,532,256,1764724102.144652,31.714
1764724102.181264,533,256,1764724102.149648,31.616
1764724102.186504,534,256,1764724102.154640,31.864
1764724102.191162,535,256,1764724102.159633,31.529
1764724102.196338,536,256,1764724102.164645,31.693
1764724102.201078,537,256,1764724102.169648,31.430
1764724102.206390,538,256,1764724102.174636,31.754
1764724102.211047,539,256,1764724102.179636,31.411
1764724102.216100,540,256,1764724102.184639,31.461
1764724102.221071,541,256,1764724102.189618,31.453
1764724102.226106,542,256,1764724102.194608,31.497
1764724102.231055,543,256,1764724102.199613,31.443
1764724102.236081,544,256,1764724102.204608,31.473
1764724102.241038,545,256,1764724102.209605,31.432
1764724102.246176,546,256,1764724102.214596,31.580
1764724102.251070,547,256,1764724102.219599,31.471
1764724102.256387,548,256,1764724102.224610,31.776
1764724102.261124,549,256,1764724102.229621,31.503
1764724102.266246,550,256,1764724102.234628,31.618
1764724102.271162,551,256,1764724102.239643,31.518
1764724102.276155,552,256,1764724102.244624,31.531
1764724102.281106,553,256,1764724102.249640,31.466
1764724102.286294,554,256,1764724102.254649,31.645
1764724102.291592,555,256,1764724102.259629,31.963
1764724102.296084,556,256,1764724102.264625,31.460
1764724102.301107,557,256,1764724102.269637,31.471
1764724102.306376,558,256,1764724102.274647,31.729
1764724102.311109,559,256,1764724102.279610,31.499
1764724102.316278,560,256,1764724102.284635,31.643
1764724102.321180,561,256,1764724102.289628,31.553
1764724102.326529,562,256,1764724102.294612,31.916
1764724102.331101,563,256,1764724102.299612,31.489
1764724102.336086,564,256,1764724102.304615,31.471
1764724102.341324,565,256,1764724102.309628,31.695
1764724102.346191,566,256,1764724102.314628,31.564
1764724102.351110,567,256,1764724102.319612,31.497
1764724102.356282,568,256,1764724102.324610,31.672
1764724102.361211,569,256,1764724102.329629,31.582
1764724102.366087,570,256,1764724102.334604,31.483
1764724102.371133,571,256,1764724102.339616,31.518
1764724102.376163,572,256,1764724102.344612,31.551
1764724102.381152,573,256,1764724102.349627,31.525
1764724102.386032,574,256,1764724102.354615,31.416
1764724102.391087,575,256,1764724102.359625,31.462
1764724102.396196,576,256,1764724102.364612,31.585
1764724102.401032,577,256,1764724102.369612,31.420
1764724102.406281,578,256,1764724102.374661,31.620
1764724102.411178,579,256,1764724102.379634,31.543
1764724102.416124,580,256,1764724102.384610,31.514
1764724102.421046,581,256,1764724102.389610,31.436
1764724102.426092,582,256,1764724102.394629,31.463
1764724102.431074,583,256,1764724102.399628,31.446
1764724102.436065,584,256,1764724102.404625,31.440
1764724102.441062,585,256,1764724102.409623,31.439
1764724102.446811,586,256,1764724102.414623,32.187
1764724102.451059,587,256,1764724102.419618,31.441
1764724102.456099,588,256,1764724102.424675,31.424
1764724102.461128,589,256,1764724102.429635,31.493
1764724102.466131,590,256,1764724102.434631,31.500
1764724102.471026,591,256,1764724102.439627,31.399
1764724102.476154,592,256,1764724102.444656,31.498
1764724102.482095,593,256,1764724102.449651,32.444
1764724102.486180,594,256,1764724102.454673,31.507
1764724102.491128,595,256,1764724102.459628,31.500
1764724102.496164,596,256,1764724102.464648,31.516
1764724102.501194,597,256,1764724102.469679,31.514
1764724102.506104,598,256,1764724102.474634,31.470
1764724102.511091,599,256,1764724102.479633,31.457
1764724102.516275,600,256,1764724102.484627,31.648
1764724102.521051,601,256,1764724102.489617,31.435
1764724102.526141,602,256,1764724102.494633,31.508
1764724102.531072,603,256,1764724102.499635,31.437
1764724102.536123,604,256,1764724102.504626,31.496
1764724102.541099,605,256,1764724102.509630,31.468
1764724102.546318,606,256,1764724102.514682,31.636
1764724102.551098,607,256,1764724102.519636,31.462
1764724102.556131,608,256,1764724102.524636,31.495
1764724102.561173,609,256,1764724102.529633,31.541
1764724102.566206,610,256,1764724102.534650,31.556
1764724102.571148,611,256,1764724102.539631,31.517
1764724102.576142,612,256,1764724102.544653,31.490
1764724102.581155,613,256,1764724102.549662,31.492
1764724102.586061,614,256,1764724102.554635,31.426
1764724102.591073,615,256,1764724102.559652,31.420
1764724102.596103,616,256,1764724102.564683,31.420
1764724102.601072,617,256,1764724102.569644,31.428
1764724102.606212,618,256,1764724102.574630,31.582
1764724102.611547,619,256,1764724102.579689,31.858
1764724102.616256,620,256,1764724102.584683,31.574
1764724102.621065,621,256,1764724102.589639,31.426
1764724102.626243,622,256,1764724102.594651,31.592
1764724102.631212,623,256,1764724102.599689,31.523
1764724102.636124,624,256,1764724102.604621,31.503
1764724102.641164,625,256,1764724102.609643,31.521
1764724102.646144,626,256,1764724102.614631,31.513
1764724102.651475,627,256,1764724102.619765,31.710
1764724102.656196,628,256,1764724102.624632,31.563
1764724102.661057,629,256,1764724102.629631,31.426
1764724102.666119,630,256,1764724102.634624,31.495
1764724102.671041,631,256,1764724102.639630,31.410
1764724102.676176,632,256,1764724102.644720,31.456
1764724102.681049,633,256,1764724102.649625,31.424
1764724102.686245,634,256,1764724102.654579,31.666
1764724102.691059,635,256,1764724102.659615,31.444
1764724102.696121,636,256,1764724102.664618,31.503
1764724102.701052,637,256,1764724102.669588,31.463
1764724102.706260,638,256,1764724102.674622,31.638
1764724102.711060,639,256,1764724102.679621,31.439
1764724102.716059,640,256,1764724102.684621,31.438
1764724102.721357,641,256,1764724102.689630,31.727
1764724102.726128,642,256,1764724102.694629,31.499
1764724102.731071,643,256,1764724102.699627,31.444
1764724102.736111,644,256,1764724102.704633,31.478
1764724102.741201,645,256,1764724102.709628,31.572
1764724102.746139,646,256,1764724102.714619,31.520
1764724102.751151,647,256,1764724102.719632,31.519
1764724102.756064,648,256,1764724102.724620,31.444
1764724102.761110,649,256,1764724102.729665,31.446
1764724102.766166,650,256,1764724102.734618,31.548
1764724102.771029,651,256,1764724102.739617,31.411
1764724102.776100,652,256,1764724102.744622,31.478
1764724102.781065,653,256,1764724102.749619,31.446
1764724102.786047,654,256,1764724102.754631,31.416
1764724102.791122,655,256,1764724102.759622,31.501
1764724102.796134,656,256,1764724102.764638,31.496
1764724102.801054,657,256,1764724102.769632,31.422
1764724102.806151,658,256,1764724102.774702,31.449
1764724102.811085,659,256,1764724102.779632,31.453
1764724102.816030,660,256,1764724102.784623,31.407
1764724102.821030,661,256,1764724102.789623,31.407
1764724102.826082,662,256,1764724102.794631,31.451
1764724102.831064,663,256,1764724102.799619,31.445
1764724102.836130,664,256,1764724102.804634,31.496
1764724102.841119,665,256,1764724102.809641,31.478
1764724102.846084,666,256,1764724102.814621,31.463
1764724102.851205,667,256,1764724102.819743,31.462
1764724102.856271,668,256,1764724102.824629,31.642
1764724102.861200,669,256,1764724102.829635,31.564
1764724102.866069,670,256,1764724102.834621,31.448
1764724102.871066,671,256,1764724102.839628,31.439
1764724102.876254,672,256,1764724102.844636,31.619
1764724102.881078,673,256,1764724102.849652,31.426
1764724102.886323,674,256,1764724102.854670,31.653
1764724102.891384,675,256,1764724102.859652,31.732
1764724102.896105,676,256,1764724102.864632,31.474
1764724102.901061,677,256,1764724102.869629,31.432
1764724102.906171,678,256,1764724102.874638,31.533
1764724102.911104,679,256,1764724102.879662,31.443
1764724102.916196,680,256,1764724102.884662,31.533
1764724102.921060,681,256,1764724102.889634,31.426
1764724102.926393,682,256,1764724102.894662,31.731
1764724102.931148,683,256,1764724102.899638,31.510
1764724102.936121,684,256,1764724102.904628,31.493
1764724102.941044,685,256,1764724102.909624,31.420
1764724102.946104,686,256,1764724102.914629,31.475
1764724102.951029,687,256,1764724102.919622,31.407
1764724102.956095,688,256,1764724102.924677,31.418
1764724102.961155,689,256,1764724102.929704,31.451
1764724102.966282,690,256,1764724102.934624,31.657
1764724102.971280,691,256,1764724102.939832,31.448
1764724102.976186,692,256,1764724102.944698,31.487
1764724102.981064,693,256,1764724102.949639,31.425
1764724102.986083,694,256,1764724102.954633,31.450
1764724102.991080,695,256,1764724102.959639,31.442
1764724102.996290,696,256,1764724102.964631,31.659
1764724103.001050,697,256,1764724102.969629,31.422
1764724103.006376,698,256,1764724102.974639,31.737
1764724103.011061,699,256,1764724102.979640,31.420
1764724103.016035,700,256,1764724102.984621,31.414
1764724103.021097,701,256,1764724102.989686,31.412
1764724103.026069,702,256,1764724102.994633,31.436
1764724103.031054,703,256,1764724102.999635,31.419
1764724103.036045,704,256,1764724103.004627,31.419
1764724103.041056,705,256,1764724103.009629,31.426
1764724103.046104,706,256,1764724103.014599,31.505
1764724103.051035,707,256,1764724103.019589,31.446
1764724103.056192,708,256,1764724103.024664,31.528
1764724103.061074,709,256,1764724103.029610,31.465
1764724103.066154,710,256,1764724103.034644,31.510
1764724103.071184,711,256,1764724103.039753,31.432
1764724103.076093,712,256,1764724103.044647,31.447
1764724103.081182,713,256,1764724103.049636,31.546
1764724103.086101,714,256,1764724103.054581,31.520
1764724103.091044,715,256,1764724103.059630,31.415
1764724103.096278,716,256,1764724103.064635,31.643
1764724103.101050,717,256,1764724103.069623,31.428
1764724103.106213,718,256,1764724103.074619,31.594
1764724103.111127,719,256,1764724103.079651,31.476
1764724103.116294,720,256,1764724103.084636,31.658
1764724103.121176,721,256,1764724103.089621,31.555
1764724103.126351,722,256,1764724103.094649,31.702
1764724103.131128,723,256,1764724103.099640,31.488
1764724103.136130,724,256,1764724103.104650,31.480
1764724103.141112,725,256,1764724103.109654,31.458
1764724103.146159,726,256,1764724103.114647,31.512
1764724103.151196,727,256,1764724103.119660,31.536
1764724103.156150,728,256,1764724103.124646,31.503
1764724103.161122,729,256,1764724103.129668,31.454
1764724103.166283,730,256,1764724103.134656,31.627
1764724103.171180,731,256,1764724103.139651,31.529
1764724103.176157,732,256,1764724103.144661,31.495
1764724103.181065,733,256,1764724103.149651,31.414
1764724103.186320,734,256,1764724103.154651,31.669
1764724103.191095,735,256,1764724103.159625,31.470
1764724103.196116,736,256,1764724103.164645,31.471
1764724103.201437,737,256,1764724103.169637,31.800
1764724103.206293,738,256,1764724103.174775,31.518
1764724103.211174,739,256,1764724103.179649,31.524
1764724103.216157,740,256,1764724103.184637,31.521
1764724103.221120,741,256,1764724103.189647,31.473
1764724103.226288,742,256,1764724103.194741,31.548
1764724103.231115,743,256,1764724103.199634,31.482
1764724103.236104,744,256,1764724103.204623,31.482
1764724103.241155,745,256,1764724103.209630,31.525
1764724103.246194,746,256,1764724103.214642,31.553
1764724103.251141,747,256,1764724103.219664,31.477
1764724103.256108,748,256,1764724103.224642,31.466
1764724103.261185,749,256,1764724103.229669,31.515
1764724103.266366,750,256,1764724103.234653,31.713
1764724103.271096,751,256,1764724103.239648,31.449
1764724103.276171,752,256,1764724103.244641,31.529
1764724103.281158,753,256,1764724103.249696,31.462
1764724103.286133,754,256,1764724103.254629,31.504
1764724103.291287,755,256,1764724103.259655,31.632
1764724103.296177,756,256,1764724103.264652,31.525
1764724103.301173,757,256,1764724103.269663,31.511
1764724103.306352,758,256,1764724103.274688,31.664
1764724103.311205,759,256,1764724103.279652,31.553
1764724103.316190,760,256,1764724103.284624,31.566
1764724103.321125,761,256,1764724103.289655,31.470
1764724103.326148,762,256,1764724103.294653,31.495
1764724103.331081,763,256,1764724103.299641,31.440
1764724103.336122,764,256,1764724103.304641,31.481
1764724103.341116,765,256,1764724103.309653,31.462
1764724103.346196,766,256,1764724103.314646,31.550
1764724103.351126,767,256,1764724103.319664,31.462
1764724103.356173,768,256,1764724103.324641,31.532
1764724103.361251,769,256,1764724103.329735,31.516
1764724103.366239,770,256,1764724103.334652,31.587
1764724103.371122,771,256,1764724103.339672,31.450
1764724103.376177,772,256,1764724103.344712,31.465
1764724103.381158,773,256,1764724103.349652,31.506
1764724103.386171,774,256,1764724103.354666,31.505
1764724103.391104,775,256,1764724103.359654,31.450
1764724103.396173,776,256,1764724103.364649,31.524
1764724103.401155,777,256,1764724103.369660,31.495
1764724103.406231,778,256,1764724103.374649,31.581
1764724103.411192,779,256,1764724103.379647,31.545
1764724103.416277,780,256,1764724103.384643,31.634
1764724103.421123,781,256,1764724103.389655,31.468
1764724103.426230,782,256,1764724103.394664,31.565
1764724103.431115,783,256,1764724103.399647,31.468
1764724103.436042,784,256,1764724103.404601,31.441
1764724103.441084,785,256,1764724103.409641,31.443
1764724103.446184,786,256,1764724103.414643,31.541
1764724103.451121,787,256,1764724103.419657,31.464
1764724103.456156,788,256,1764724103.424649,31.507
1764724103.461344,789,256,1764724103.429653,31.691
1764724103.466238,790,256,1764724103.434721,31.516
1764724103.471139,791,256,1764724103.439639,31.499
1764724103.476283,792,256,1764724103.444646,31.637
1764724103.481088,793,256,1764724103.449646,31.442
1764724103.486085,794,256,1764724103.454642,31.443
1764724103.491143,795,256,1764724103.459653,31.491
1764724103.496514,796,256,1764724103.464651,31.863
1764724103.501143,797,256,1764724103.469691,31.451
1764724103.506256,798,256,1764724103.474654,31.602
1764724103.511193,799,256,1764724103.479706,31.487
1764724103.516370,800,256,1764724103.484725,31.645
1764724103.521282,801,256,1764724103.489721,31.561
1764724103.526371,802,256,1764724103.494711,31.661
1764724103.531163,803,256,1764724103.499675,31.488
1764724103.536330,804,256,1764724103.504707,31.623
1764724103.541080,805,256,1764724103.509646,31.434
1764724103.546188,806,256,1764724103.514637,31.552
1764724103.551153,807,256,1764724103.519650,31.503
1764724103.556135,808,256,1764724103.524631,31.505
1764724103.561147,809,256,1764724103.529647,31.500
1764724103.566389,810,256,1764724103.534632,31.758
1764724103.571151,811,256,1764724103.539683,31.468
1764724103.576061,812,256,1764724103.544636,31.425
1764724103.581158,813,256,1764724103.549690,31.468
1764724103.586348,814,256,1764724103.554691,31.657
1764724103.591257,815,256,1764724103.559646,31.610
1764724103.596175,816,256,1764724103.564701,31.474
1764724103.601358,817,256,1764724103.569706,31.652
1764724103.606307,818,256,1764724103.574635,31.671
1764724103.611112,819,256,1764724103.579645,31.466
1764724103.616123,820,256,1764724103.584641,31.482
1764724103.621154,821,256,1764724103.589642,31.512
1764724103.626143,822,256,1764724103.594643,31.500
1764724103.631334,823,256,1764724103.599656,31.678
1764724103.636267,824,256,1764724103.604642,31.625
1764724103.641114,825,256,1764724103.609637,31.477
1764724103.646348,826,256,1764724103.614654,31.694
1764724103.651125,827,256,1764724103.619671,31.454
1764724103.656159,828,256,1764724103.624650,31.509
1764724103.661169,829,256,1764724103.629687,31.482
1764724103.666565,830,256,1764724103.634651,31.914
1764724103.671118,831,256,1764724103.639658,31.460
1764724103.676315,832,256,1764724103.644658,31.657
1764724103.681282,833,256,1764724103.649755,31.526
1764724103.686184,834,256,1764724103.654650,31.534
1764724103.691312,835,256,1764724103.659669,31.643
1764724103.696245,836,256,1764724103.664647,31.598
1764724103.701261,837,256,1764724103.669677,31.584
1764724103.706391,838,256,1764724103.674653,31.738
1764724103.711181,839,256,1764724103.679663,31.518
1764724103.716304,840,256,1764724103.684666,31.638
1764724103.721207,841,256,1764724103.689699,31.507
1764724103.726155,842,256,1764724103.694638,31.517
1764724103.731150,843,256,1764724103.699661,31.489
1764724103.736382,844,256,1764724103.704642,31.739
1764724103.741192,845,256,1764724103.709669,31.523
1764724103.746140,846,256,1764724103.714660,31.481
1764724103.751136,847,256,1764724103.719660,31.476
1764724103.756299,848,256,1764724103.724666,31.632
1764724103.761336,849,256,1764724103.729701,31.635
1764724103.766339,850,256,1764724103.734666,31.673
1764724103.771507,851,256,1764724103.739681,31.826
1764724103.776160,852,256,1764724103.744648,31.512
1764724103.781156,853,256,1764724103.749672,31.485
1764724103.786438,854,256,1764724103.754647,31.792
1764724103.791165,855,256,1764724103.759664,31.501
1764724103.796162,856,256,1764724103.764650,31.512
1764724103.801123,857,256,1764724103.769663,31.460
1764724103.806213,858,256,1764724103.774665,31.548
1764724103.811233,859,256,1764724103.779782,31.451
1764724103.816179,860,256,1764724103.784667,31.512
1764724103.821234,861,256,1764724103.789644,31.590
1764724103.826269,862,256,1764724103.794669,31.600
1764724103.831180,863,256,1764724103.799663,31.517
1764724103.836455,864,256,1764724103.804647,31.808
1764724103.841200,865,256,1764724103.809656,31.544
1764724103.846188,866,256,1764724103.814662,31.526
1764724103.851291,867,256,1764724103.819757,31.534
1764724103.856493,868,256,1764724103.824710,31.783
1764724103.861118,869,256,1764724103.829656,31.462
1764724103.866414,870,256,1764724103.834667,31.746
1764724103.871271,871,256,1764724103.839712,31.559
1764724103.876241,872,256,1764724103.844665,31.575
1764724103.881131,873,256,1764724103.849653,31.478
1764724103.886238,874,256,1764724103.854645,31.593
1764724103.891633,875,256,1764724103.859661,31.971
1764724103.896197,876,256,1764724103.864639,31.558
1764724103.901135,877,256,1764724103.869643,31.492
1764724103.906150,878,256,1764724103.874636,31.514
1764724103.911124,879,256,1764724103.879660,31.464
1764724103.916213,880,256,1764724103.884654,31.559
1764724103.921119,881,256,1764724103.889685,31.434
1764724103.926141,882,256,1764724103.894658,31.483
1764724103.931167,883,256,1764724103.899663,31.504
1764724103.936096,884,256,1764724103.904644,31.452
1764724103.941144,885,256,1764724103.909657,31.487
1764724103.946301,886,256,1764724103.914652,31.648
1764724103.951263,887,256,1764724103.919669,31.594
1764724103.956153,888,256,1764724103.924654,31.498
1764724103.961306,889,256,1764724103.929653,31.653
1764724103.966292,890,256,1764724103.934658,31.634
1764724103.971284,891,256,1764724103.939657,31.627
1764724103.976265,892,256,1764724103.944661,31.604
1764724103.981357,893,256,1764724103.949655,31.701
1764724103.986468,894,256,1764724103.954657,31.811
1764724103.991345,895,256,1764724103.959674,31.670
1764724103.996381,896,256,1764724103.964654,31.727
1764724104.001321,897,256,1764724103.969652,31.668
1764724104.006346,898,256,1764724103.974670,31.676
1764724104.011278,899,256,1764724103.979689,31.589
1764724104.016325,900,256,1764724103.984710,31.615
1764724104.021270,901,256,1764724103.989722,31.548
1764724104.026199,902,256,1764724103.994648,31.551
1764724104.031203,903,256,1764724103.999706,31.497
1764724104.036174,904,256,1764724104.004741,31.432
1764724104.041094,905,256,1764724104.009635,31.459
1764724104.046287,906,256,1764724104.014633,31.654
1764724104.051004,907,256,1764724104.019639,31.365
1764724104.056042,908,256,1764724104.024635,31.408
1764724104.061288,909,256,1764724104.029651,31.636
1764724104.066070,910,256,1764724104.034637,31.433
1764724104.071072,911,256,1764724104.039652,31.420
1764724104.076160,912,256,1764724104.044635,31.525
1764724104.081074,913,256,1764724104.049652,31.421
1764724104.086241,914,256,1764724104.054645,31.597
1764724104.091151,915,256,1764724104.059653,31.498
1764724104.096569,916,256,1764724104.064657,31.912
1764724104.101094,917,256,1764724104.069654,31.440
1764724104.106335,918,256,1764724104.074650,31.685
1764724104.111064,919,256,1764724104.079651,31.413
1764724104.116405,920,256,1764724104.084645,31.760
1764724104.121061,921,256,1764724104.089645,31.415
1764724104.126189,922,256,1764724104.094639,31.550
1764724104.131296,923,256,1764724104.099653,31.644
1764724104.136209,924,256,1764724104.104641,31.568
1764724104.141073,925,256,1764724104.109650,31.424
1764724104.146623,926,256,1764724104.114637,31.986
1764724104.151079,927,256,1764724104.119654,31.425
1764724104.156128,928,256,1764724104.124671,31.456
1764724104.161013,929,256,1764724104.129651,31.361
1764724104.166481,930,256,1764724104.134662,31.820
1764724104.171078,931,256,1764724104.139657,31.421
1764724104.176245,932,256,1764724104.144660,31.585
1764724104.181060,933,256,1764724104.149654,31.406
1764724104.186207,934,256,1764724104.154656,31.551
1764724104.191061,935,256,1764724104.159651,31.411
1764724104.196325,936,256,1764724104.164709,31.616
1764724104.201681,937,256,1764724104.169646,32.034
1764724104.206267,938,256,1764724104.174709,31.559
1764724104.211124,939,256,1764724104.179655,31.470
1764724104.216234,940,256,1764724104.184697,31.537
1764724104.221087,941,256,1764724104.189652,31.435
1764724104.226323,942,256,1764724104.194710,31.614
1764724104.231169,943,256,1764724104.199655,31.514
1764724104.236296,944,256,1764724104.204697,31.599
1764724104.241089,945,256,1764724104.209655,31.434
1764724104.246228,946,256,1764724104.214714,31.514
1764724104.251023,947,256,1764724104.219655,31.368
1764724104.256252,948,256,1764724104.224704,31.548
1764724104.261153,949,256,1764724104.229656,31.496
1764724104.267090,950,256,1764724104.234707,32.383
1764724104.271276,951,256,1764724104.239658,31.618
1764724104.276567,952,256,1764724104.244699,31.868
1764724104.281291,953,256,1764724104.249655,31.636
1764724104.286501,954,256,1764724104.254709,31.792
1764724104.291121,955,256,1764724104.259656,31.465
1764724104.296298,956,256,1764724104.264659,31.639
1764724104.301645,957,256,1764724104.269657,31.988
1764724104.306161,958,256,1764724104.274710,31.451
1764724104.311092,959,256,1764724104.279647,31.446
1764724104.316087,960,256,1764724104.284693,31.395
1764724104.321467,961,256,1764724104.289648,31.819
1764724104.326156,962,256,1764724104.294647,31.510
1764724104.331042,963,256,1764724104.299652,31.390
1764724104.336502,964,256,1764724104.304665,31.838
1764724104.341201,965,256,1764724104.309661,31.540
1764724104.346301,966,256,1764724104.314671,31.630
1764724104.351125,967,256,1764724104.319714,31.412
1764724104.356084,968,256,1764724104.324655,31.429
1764724104.361106,969,256,1764724104.329653,31.453
1764724104.366040,970,256,1764724104.334655,31.385
1764724104.371344,971,256,1764724104.339648,31.696
1764724104.376050,972,256,1764724104.344654,31.396
1764724104.381073,973,256,1764724104.349661,31.412
1764724104.386032,974,256,1764724104.354652,31.379
1764724104.391151,975,256,1764724104.359673,31.478
1764724104.396169,976,256,1764724104.364669,31.500
1764724104.401127,977,256,1764724104.369691,31.436
1764724104.406242,978,256,1764724104.374666,31.576
1764724104.411102,979,256,1764724104.379665,31.437
1764724104.416240,980,256,1764724104.384664,31.576
1764724104.421155,981,256,1764724104.389723,31.432
1764724104.426138,982,256,1764724104.394668,31.470
1764724104.431071,983,256,1764724104.399658,31.413
1764724104.436084,984,256,1764724104.404669,31.415
1764724104.441139,985,256,1764724104.409667,31.472
1764724104.446106,986,256,1764724104.414665,31.440
1764724104.451172,987,256,1764724104.419722,31.450
1764724104.456277,988,256,1764724104.424667,31.610
1764724104.461153,989,256,1764724104.429752,31.401
1764724104.466292,990,256,1764724104.434661,31.631
1764724104.471104,991,256,1764724104.439664,31.439
1764724104.476637,992,256,1764724104.444675,31.962
1764724104.481159,993,256,1764724104.449666,31.493
1764724104.486274,994,256,1764724104.454682,31.592
1764724104.491171,995,256,1764724104.459681,31.490
1764724104.496321,996,256,1764724104.464738,31.583
1764724104.501472,997,256,1764724104.469831,31.641
1764724104.506474,998,256,1764724104.474744,31.729
1764724104.511929,999,256,1764724104.479711,32.218
1764724104.516380,1000,256,1764724104.484717,31.664
1764724104.521368,1001,256,1764724104.489717,31.652
1764724104.526320,1002,256,1764724104.494660,31.660
1764724104.531255,1003,256,1764724104.499709,31.546
1764724104.536145,1004,256,1764724104.504714,31.430
1764724104.541146,1005,256,1764724104.509671,31.474
1764724104.546146,1006,256,1764724104.514669,31.477
1764724104.551105,1007,256,1764724104.519657,31.448
1764724104.556045,1008,256,1764724104.524659,31.386
1764724104.561371,1009,256,1764724104.529660,31.711
1764724104.566062,1010,256,1764724104.534675,31.386
1764724104.571076,1011,256,1764724104.539682,31.394
1764724104.576407,1012,256,1764724104.544661,31.746
1764724104.581337,1013,256,1764724104.549662,31.675
1764724104.586092,1014,256,1764724104.554673,31.418
1764724104.591035,1015,256,1764724104.559667,31.368
1764724104.596325,1016,256,1764724104.564678,31.647
1764724104.601140,1017,256,1764724104.569663,31.478
1764724104.606170,1018,256,1764724104.574672,31.498
1764724104.611087,1019,256,1764724104.579664,31.422
1764724104.616203,1020,256,1764724104.584676,31.527
1764724104.621067,1021,256,1764724104.589682,31.385
1764724104.626137,1022,256,1764724104.594669,31.468
1764724104.631645,1023,256,1764724104.599682,31.963
1764724104.636142,1024,256,1764724104.604674,31.468
1764724104.641052,1025,256,1764724104.609663,31.390
1764724104.646124,1026,256,1764724104.614657,31.467
1764724104.651170,1027,256,1764724104.619696,31.474
1764724104.656335,1028,256,1764724104.624734,31.601
1764724104.661166,1029,256,1764724104.629664,31.502
1764724104.666128,1030,256,1764724104.634666,31.462
1764724104.671369,1031,256,1764724104.639816,31.552
1764724104.676239,1032,256,1764724104.644663,31.576
1764724104.681147,1033,256,1764724104.649666,31.481
1764724104.686126,1034,256,1764724104.654659,31.467
1764724104.691209,1035,256,1764724104.659708,31.502
1764724104.696140,1036,256,1764724104.664732,31.408
1764724104.701324,1037,256,1764724104.669707,31.617
1764724104.706202,1038,256,1764724104.674739,31.463
1764724104.711282,1039,256,1764724104.679709,31.573
1764724104.716181,1040,256,1764724104.684709,31.472
1764724104.721287,1041,256,1764724104.689724,31.564
1764724104.726187,1042,256,1764724104.694668,31.519
1764724104.731267,1043,256,1764724104.699658,31.609
1764724104.736293,1044,256,1764724104.704660,31.633
1764724104.741265,1045,256,1764724104.709678,31.587
1764724104.746274,1046,256,1764724104.714665,31.609
1764724104.751188,1047,256,1764724104.719723,31.465
1764724104.756180,1048,256,1764724104.724665,31.515
1764724104.761113,1049,256,1764724104.729656,31.457
1764724104.766183,1050,256,1764724104.734707,31.476
1764724104.771281,1051,256,1764724104.739683,31.598
1764724104.776195,1052,256,1764724104.744660,31.535
1764724104.781241,1053,256,1764724104.749668,31.573
1764724104.786294,1054,256,1764724104.754672,31.621
1764724104.791179,1055,256,1764724104.759745,31.434
1764724104.796325,1056,256,1764724104.764665,31.660
1764724104.801056,1057,256,1764724104.769661,31.395
1764724104.806286,1058,256,1764724104.774670,31.616
1764724104.811108,1059,256,1764724104.779663,31.446
1764724104.816506,1060,256,1764724104.784661,31.845
1764724104.821069,1061,256,1764724104.789667,31.402
1764724104.826144,1062,256,1764724104.794668,31.476
1764724104.831289,1063,256,1764724104.799664,31.624
1764724104.836139,1064,256,1764724104.804668,31.471
1764724104.841190,1065,256,1764724104.809663,31.527
1764724104.846210,1066,256,1764724104.814667,31.544
1764724104.851659,1067,256,1764724104.819670,31.989
1764724104.856264,1068,256,1764724104.824688,31.576
1764724104.861295,1069,256,1764724104.829667,31.628
1764724104.866380,1070,256,1764724104.834693,31.687
1764724104.871197,1071,256,1764724104.839670,31.527
1764724104.876284,1072,256,1764724104.844672,31.612
1764724104.881430,1073,256,1764724104.849725,31.705
1764724104.886367,1074,256,1764724104.854673,31.694
1764724104.891303,1075,256,1764724104.859666,31.636
1764724104.896169,1076,256,1764724104.864656,31.513
1764724104.901295,1077,256,1764724104.869671,31.624
1764724104.906408,1078,256,1764724104.874654,31.754
1764724104.911333,1079,256,1764724104.879657,31.676
1764724104.916341,1080,256,1764724104.884663,31.679
1764724104.921319,1081,256,1764724104.889670,31.650
1764724104.926302,1082,256,1764724104.894679,31.623
1764724104.931337,1083,256,1764724104.899657,31.680
1764724104.936318,1084,256,1764724104.904657,31.661
1764724104.941417,1085,256,1764724104.909635,31.782
1764724104.946092,1086,256,1764724104.914669,31.423
1764724104.951121,1087,256,1764724104.919669,31.451
1764724104.956206,1088,256,1764724104.924667,31.539
1764724104.961193,1089,256,1764724104.929670,31.523
1764724104.966299,1090,256,1764724104.934676,31.623
1764724104.971193,1091,256,1764724104.939718,31.475
1764724104.976783,1092,256,1764724104.944674,32.109
1764724104.981337,1093,256,1764724104.949664,31.674
1764724104.986455,1094,256,1764724104.954672,31.783
1764724104.991325,1095,256,1764724104.959674,31.651
1764724104.996177,1096,256,1764724104.964669,31.508
1764724105.001262,1097,256,1764724104.969674,31.588
1764724105.006107,1098,256,1764724104.974664,31.443
1764724105.011107,1099,256,1764724104.979666,31.441
1764724105.016208,1100,256,1764724104.984698,31.510
1764724105.021184,1101,256,1764724104.989667,31.517
1764724105.026135,1102,256,1764724104.994670,31.465
1764724105.031064,1103,256,1764724104.999674,31.390
1764724105.036306,1104,256,1764724105.004682,31.624
1764724105.041127,1105,256,1764724105.009681,31.446
1764724105.046196,1106,256,1764724105.014727,31.468
1764724105.051197,1107,256,1764724105.019728,31.469
1764724105.056165,1108,256,1764724105.024713,31.452
1764724105.061702,1109,256,1764724105.029711,31.991
1764724105.066314,1110,256,1764724105.034679,31.635
1764724105.071184,1111,256,1764724105.039686,31.497
1764724105.076183,1112,256,1764724105.044689,31.495
1764724105.081213,1113,256,1764724105.049705,31.507
1764724105.086203,1114,256,1764724105.054683,31.520
1764724105.091163,1115,256,1764724105.059661,31.502
1764724105.096137,1116,256,1764724105.064680,31.457
1764724105.101177,1117,256,1764724105.069685,31.493
1764724105.106152,1118,256,1764724105.074691,31.461
1764724105.111163,1119,256,1764724105.079687,31.477
1764724105.116273,1120,256,1764724105.084713,31.560
1764724105.121165,1121,256,1764724105.089718,31.447
1764724105.126185,1122,256,1764724105.094688,31.497
1764724105.131237,1123,256,1764724105.099689,31.548
1764724105.136173,1124,256,1764724105.104684,31.489
1764724105.141262,1125,256,1764724105.109682,31.580
1764724105.146558,1126,256,1764724105.114720,31.838
1764724105.151314,1127,256,1764724105.119701,31.613
1764724105.156172,1128,256,1764724105.124684,31.488
1764724105.161256,1129,256,1764724105.129698,31.558
1764724105.166303,1130,256,1764724105.134696,31.607
1764724105.171362,1131,256,1764724105.139743,31.619
1764724105.176181,1132,256,1764724105.144698,31.484
1764724105.181318,1133,256,1764724105.149699,31.619
1764724105.186344,1134,256,1764724105.154705,31.639
1764724105.191238,1135,256,1764724105.159692,31.545
1764724105.196293,1136,256,1764724105.164708,31.586
1764724105.201331,1137,256,1764724105.169728,31.603
1764724105.206258,1138,256,1764724105.174701,31.556
1764724105.211300,1139,256,1764724105.179726,31.574
1764724105.216310,1140,256,1764724105.184708,31.601
1764724105.221238,1141,256,1764724105.189694,31.544
1764724105.226705,1142,256,1764724105.195175,31.530
1764724105.231337,1143,256,1764724105.199773,31.564
1764724105.236253,1144,256,1764724105.204697,31.556
1764724105.241199,1145,256,1764724105.209707,31.493
1764724105.246251,1146,256,1764724105.214706,31.545
1764724105.251252,1147,256,1764724105.219702,31.549
1764724105.256188,1148,256,1764724105.224685,31.503
1764724105.261208,1149,256,1764724105.229709,31.499
1764724105.266294,1150,256,1764724105.234729,31.565
1764724105.271193,1151,256,1764724105.239696,31.497
1764724105.276192,1152,256,1764724105.244694,31.498
1764724105.281189,1153,256,1764724105.249704,31.485
1764724105.286335,1154,256,1764724105.254701,31.634
1764724105.291214,1155,256,1764724105.259704,31.510
1764724105.296165,1156,256,1764724105.264711,31.455
1764724105.301148,1157,256,1764724105.269717,31.431
1764724105.306256,1158,256,1764724105.274708,31.548
1764724105.311209,1159,256,1764724105.279751,31.458
1764724105.316160,1160,256,1764724105.284699,31.461
1764724105.321186,1161,256,1764724105.289689,31.497
1764724105.326194,1162,256,1764724105.294683,31.510
1764724105.331302,1163,256,1764724105.299742,31.560
1764724105.336243,1164,256,1764724105.304683,31.560
1764724105.341143,1165,256,1764724105.309684,31.459
1764724105.346136,1166,256,1764724105.314686,31.450
1764724105.351119,1167,256,1764724105.319713,31.406
1764724105.356318,1168,256,1764724105.324737,31.581
1764724105.361123,1169,256,1764724105.329691,31.432
1764724105.366212,1170,256,1764724105.334732,31.480
1764724105.371111,1171,256,1764724105.339682,31.429
1764724105.376155,1172,256,1764724105.344694,31.462
1764724105.381163,1173,256,1764724105.349692,31.471
1764724105.386325,1174,256,1764724105.354690,31.635
1764724105.391150,1175,256,1764724105.359691,31.460
1764724105.396089,1176,256,1764724105.364680,31.409
1764724105.401161,1177,256,1764724105.369684,31.477
1764724105.406100,1178,256,1764724105.374693,31.407
1764724105.411185,1179,256,1764724105.379702,31.483
1764724105.416107,1180,256,1764724105.384699,31.408
1764724105.421104,1181,256,1764724105.389688,31.417
1764724105.426154,1182,256,1764724105.394691,31.464
1764724105.431211,1183,256,1764724105.399753,31.457
1764724105.436124,1184,256,1764724105.404675,31.450
1764724105.441154,1185,256,1764724105.409693,31.461
1764724105.446254,1186,256,1764724105.414685,31.569
1764724105.451154,1187,256,1764724105.419732,31.423
1764724105.456208,1188,256,1764724105.424686,31.523
1764724105.461112,1189,256,1764724105.429702,31.410
1764724105.466334,1190,256,1764724105.434705,31.629
1764724105.471107,1191,256,1764724105.439711,31.396
1764724105.476112,1192,256,1764724105.444680,31.432
1764724105.481087,1193,256,1764724105.449682,31.405
1764724105.486252,1194,256,1764724105.454700,31.552
1764724105.491058,1195,256,1764724105.459678,31.380
1764724105.496106,1196,256,1764724105.464691,31.415
1764724105.501065,1197,256,1764724105.469697,31.367
1764724105.506065,1198,256,1764724105.474685,31.380
1764724105.511109,1199,256,1764724105.479687,31.423
1764724105.516134,1200,256,1764724105.484749,31.385
1764724105.521138,1201,256,1764724105.489681,31.458
1764724105.526662,1202,256,1764724105.494669,31.993
1764724105.531115,1203,256,1764724105.499679,31.435
1764724105.536231,1204,256,1764724105.504691,31.540
1764724105.541253,1205,256,1764724105.509684,31.569
1764724105.546102,1206,256,1764724105.514688,31.415
1764724105.551312,1207,256,1764724105.519689,31.623
1764724105.556134,1208,256,1764724105.524679,31.456
1764724105.561199,1209,256,1764724105.529686,31.513
1764724105.566260,1210,256,1764724105.534718,31.542
1764724105.571307,1211,256,1764724105.539836,31.471
1764724105.576177,1212,256,1764724105.544691,31.487
1764724105.581165,1213,256,1764724105.549712,31.453
1764724105.586188,1214,256,1764724105.554718,31.470
1764724105.591208,1215,256,1764724105.559724,31.484
1764724105.596185,1216,256,1764724105.564718,31.467
1764724105.601158,1217,256,1764724105.569687,31.471
1764724105.606360,1218,256,1764724105.574698,31.662
1764724105.611210,1219,256,1764724105.579700,31.510
1764724105.616348,1220,256,1764724105.584751,31.597
1764724105.621407,1221,256,1764724105.589747,31.660
1764724105.626340,1222,256,1764724105.594699,31.641
1764724105.631369,1223,256,1764724105.599698,31.671
1764724105.636603,1224,256,1764724105.604875,31.729
1764724105.641534,1225,256,1764724105.609862,31.672
1764724105.646408,1226,256,1764724105.614719,31.689
1764724105.651581,1227,256,1764724105.619838,31.743
1764724105.656410,1228,256,1764724105.624784,31.625
1764724105.661558,1229,256,1764724105.629858,31.700
1764724105.666576,1230,256,1764724105.634847,31.729
1764724105.671807,1231,256,1764724105.639854,31.952
1764724105.676726,1232,256,1764724105.644880,31.846
1764724105.681295,1233,256,1764724105.649691,31.604
1764724105.686320,1234,256,1764724105.654680,31.640
1764724105.691322,1235,256,1764724105.659691,31.631
1764724105.696325,1236,256,1764724105.664685,31.640
1764724105.701363,1237,256,1764724105.669688,31.675
1764724105.706412,1238,256,1764724105.674691,31.721
1764724105.711394,1239,256,1764724105.679725,31.669
1764724105.716323,1240,256,1764724105.684690,31.633
1764724105.721118,1241,256,1764724105.689706,31.412
1764724105.726300,1242,256,1764724105.694688,31.612
1764724105.731184,1243,256,1764724105.699706,31.478
1764724105.736414,1244,256,1764724105.704688,31.727
1764724105.741292,1245,256,1764724105.709700,31.592
1764724105.746381,1246,256,1764724105.714679,31.703
1764724105.751309,1247,256,1764724105.719678,31.631
1764724105.756281,1248,256,1764724105.724683,31.598
1764724105.761318,1249,256,1764724105.729705,31.613
1764724105.766434,1250,256,1764724105.734695,31.739
1764724105.771248,1251,256,1764724105.739728,31.520
1764724105.776229,1252,256,1764724105.744698,31.531
1764724105.781154,1253,256,1764724105.749721,31.433
1764724105.786352,1254,256,1764724105.754833,31.519
1764724105.791286,1255,256,1764724105.759705,31.581
1764724105.796212,1256,256,1764724105.764696,31.516
1764724105.801169,1257,256,1764724105.769686,31.482
1764724105.806182,1258,256,1764724105.774723,31.459
1764724105.811168,1259,256,1764724105.779727,31.442
1764724105.816250,1260,256,1764724105.784805,31.445
1764724105.821141,1261,256,1764724105.789731,31.410
1764724105.826117,1262,256,1764724105.794723,31.394
1764724105.831131,1263,256,1764724105.799718,31.413
1764724105.836329,1264,256,1764724105.804729,31.600
1764724105.841203,1265,256,1764724105.809724,31.480
1764724105.846327,1266,256,1764724105.814823,31.504
1764724105.851206,1267,256,1764724105.819726,31.480
1764724105.856351,1268,256,1764724105.824728,31.623
1764724105.861169,1269,256,1764724105.829726,31.443
1764724105.866310,1270,256,1764724105.834730,31.580
1764724105.871244,1271,256,1764724105.839725,31.519
1764724105.876299,1272,256,1764724105.844731,31.568
1764724105.881231,1273,256,1764724105.849725,31.506
1764724105.886213,1274,256,1764724105.854810,31.403
1764724105.891121,1275,256,1764724105.859726,31.395
1764724105.896341,1276,256,1764724105.864730,31.611
1764724105.901267,1277,256,1764724105.869730,31.537
1764724105.906275,1278,256,1764724105.874738,31.538
1764724105.911315,1279,256,1764724105.879726,31.589
1764724105.916418,1280,256,1764724105.884804,31.614
1764724105.921318,1281,256,1764724105.889727,31.591
1764724105.926406,1282,256,1764724105.894734,31.672
1764724105.931363,1283,256,1764724105.899693,31.670
1764724105.936410,1284,256,1764724105.904718,31.692
1764724105.941343,1285,256,1764724105.909708,31.635
1764724105.946411,1286,256,1764724105.914731,31.680
1764724105.951345,1287,256,1764724105.919709,31.636
1764724105.956415,1288,256,1764724105.924729,31.686
1764724105.961323,1289,256,1764724105.929710,31.612
1764724105.966421,1290,256,1764724105.934728,31.693
1764724105.971279,1291,256,1764724105.939686,31.593
1764724105.976382,1292,256,1764724105.944730,31.652
1764724105.981235,1293,256,1764724105.949714,31.521
1764724105.986273,1294,256,1764724105.954710,31.563
1764724105.991205,1295,256,1764724105.959704,31.501
1764724105.996338,1296,256,1764724105.964811,31.526
1764724106.001406,1297,256,1764724105.969815,31.590
1764724106.006302,1298,256,1764724105.974709,31.593
1764724106.011317,1299,256,1764724105.979709,31.608
1764724106.016302,1300,256,1764724105.984717,31.585
1764724106.021306,1301,256,1764724105.989701,31.605
1764724106.026404,1302,256,1764724105.994821,31.583
1764724106.031296,1303,256,1764724105.999739,31.557
1764724106.036374,1304,256,1764724106.004807,31.568
1764724106.041252,1305,256,1764724106.009725,31.527
1764724106.046234,1306,256,1764724106.014735,31.499
1764724106.051134,1307,256,1764724106.019712,31.422
1764724106.056250,1308,256,1764724106.024734,31.515
1764724106.061244,1309,256,1764724106.029738,31.506
1764724106.066177,1310,256,1764724106.034744,31.433
1764724106.071112,1311,256,1764724106.039693,31.419
1764724106.076180,1312,256,1764724106.044716,31.463
1764724106.081187,1313,256,1764724106.049718,31.470
1764724106.086348,1314,256,1764724106.054768,31.580
1764724106.091253,1315,256,1764724106.059702,31.551
1764724106.096507,1316,256,1764724106.064697,31.810
1764724106.101315,1317,256,1764724106.069682,31.634
1764724106.106625,1318,256,1764724106.074693,31.932
1764724106.111327,1319,256,1764724106.079685,31.642
1764724106.116420,1320,256,1764724106.084688,31.732
1764724106.121331,1321,256,1764724106.089682,31.649
1764724106.126392,1322,256,1764724106.094688,31.704
1764724106.131258,1323,256,1764724106.099683,31.575
1764724106.136405,1324,256,1764724106.104684,31.721
1764724106.141318,1325,256,1764724106.109682,31.636
1764724106.146333,1326,256,1764724106.114685,31.648
1764724106.151348,1327,256,1764724106.119702,31.646
1764724106.156474,1328,256,1764724106.124710,31.764
1764724106.161337,1329,256,1764724106.129694,31.643
1764724106.166383,1330,256,1764724106.134700,31.683
1764724106.171361,1331,256,1764724106.139705,31.656
1764724106.176383,1332,256,1764724106.144771,31.612
1764724106.181243,1333,256,1764724106.149708,31.535
1764724106.186245,1334,256,1764724106.154756,31.489
1764724106.191092,1335,256,1764724106.159707,31.385
1764724106.196278,1336,256,1764724106.164765,31.513
1764724106.201150,1337,256,1764724106.169702,31.449
1764724106.206213,1338,256,1764724106.174762,31.452
1764724106.211146,1339,256,1764724106.179707,31.439
1764724106.216130,1340,256,1764724106.184701,31.430
1764724106.221136,1341,256,1764724106.189693,31.442
1764724106.226156,1342,256,1764724106.194709,31.447
1764724106.231143,1343,256,1764724106.199710,31.433
1764724106.236214,1344,256,1764724106.204715,31.499
1764724106.241159,1345,256,1764724106.209710,31.449
1764724106.246187,1346,256,1764724106.214759,31.427
1764724106.251257,1347,256,1764724106.219750,31.507
1764724106.256229,1348,256,1764724106.224768,31.461
1764724106.261158,1349,256,1764724106.229700,31.458
1764724106.266184,1350,256,1764724106.234751,31.433
1764724106.271244,1351,256,1764724106.239753,31.491
1764724106.276279,1352,256,1764724106.244755,31.524
1764724106.281189,1353,256,1764724106.249749,31.440
1764724106.286266,1354,256,1764724106.254771,31.495
1764724106.291273,1355,256,1764724106.259729,31.544
1764724106.296278,1356,256,1764724106.264714,31.564
1764724106.301185,1357,256,1764724106.269759,31.426
1764724106.306185,1358,256,1764724106.274705,31.480
1764724106.311144,1359,256,1764724106.279701,31.444
1764724106.316213,1360,256,1764724106.284706,31.506
1764724106.321253,1361,256,1764724106.289771,31.483
1764724106.326157,1362,256,1764724106.294704,31.454
1764724106.331134,1363,256,1764724106.299697,31.437
1764724106.336145,1364,256,1764724106.304699,31.446
1764724106.341104,1365,256,1764724106.309695,31.409
1764724106.346142,1366,256,1764724106.314713,31.429
1764724106.351141,1367,256,1764724106.319697,31.444
1764724106.356234,1368,256,1764724106.324709,31.525
1764724106.361365,1369,256,1764724106.329838,31.527
1764724106.366344,1370,256,1764724106.334838,31.506
1764724106.371340,1371,256,1764724106.339820,31.520
1764724106.376352,1372,256,1764724106.344830,31.522
1764724106.381362,1373,256,1764724106.349828,31.534
1764724106.386172,1374,256,1764724106.354730,31.442
1764724106.391311,1375,256,1764724106.359731,31.580
1764724106.396294,1376,256,1764724106.364817,31.478
1764724106.401159,1377,256,1764724106.369710,31.449
1764724106.406139,1378,256,1764724106.374729,31.410
1764724106.411382,1379,256,1764724106.379808,31.573
1764724106.416232,1380,256,1764724106.384724,31.508
1764724106.421328,1381,256,1764724106.389732,31.597
1764724106.426201,1382,256,1764724106.394742,31.458
1764724106.431361,1383,256,1764724106.399718,31.644
1764724106.436206,1384,256,1764724106.404714,31.492
1764724106.441477,1385,256,1764724106.409813,31.663
1764724106.446278,1386,256,1764724106.414724,31.554
1764724106.451404,1387,256,1764724106.419749,31.655
1764724106.456429,1388,256,1764724106.424729,31.700
1764724106.461381,1389,256,1764724106.429746,31.635
1764724106.466401,1390,256,1764724106.434731,31.670
1764724106.471476,1391,256,1764724106.439738,31.738
1764724106.476381,1392,256,1764724106.444729,31.653
1764724106.481482,1393,256,1764724106.449737,31.744
1764724106.486411,1394,256,1764724106.454733,31.679
1764724106.491411,1395,256,1764724106.459743,31.667
1764724106.496392,1396,256,1764724106.464732,31.660
1764724106.501461,1397,256,1764724106.469743,31.718
1764724106.506190,1398,256,1764724106.474718,31.472
1764724106.511241,1399,256,1764724106.479744,31.497
1764724106.516198,1400,256,1764724106.484734,31.464
1764724106.521310,1401,256,1764724106.489821,31.489
1764724106.526195,1402,256,1764724106.494724,31.471
1764724106.531314,1403,256,1764724106.499822,31.492
1764724106.536247,1404,256,1764724106.504733,31.514
1764724106.541337,1405,256,1764724106.509819,31.518
1764724106.546321,1406,256,1764724106.514731,31.590
1764724106.551206,1407,256,1764724106.519726,31.481
1764724106.556286,1408,256,1764724106.524723,31.563
1764724106.561357,1409,256,1764724106.529742,31.616
1764724106.566301,1410,256,1764724106.534723,31.578
1764724106.571364,1411,256,1764724106.539735,31.629
1764724106.576345,1412,256,1764724106.544711,31.634
1764724106.581459,1413,256,1764724106.549737,31.722
1764724106.586244,1414,256,1764724106.554725,31.519
1764724106.591208,1415,256,1764724106.559709,31.499
1764724106.596258,1416,256,1764724106.564730,31.528
1764724106.601262,1417,256,1764724106.569824,31.438
1764724106.606186,1418,256,1764724106.574733,31.454
1764724106.611371,1419,256,1764724106.579832,31.539
1764724106.616243,1420,256,1764724106.584720,31.523
1764724106.621184,1421,256,1764724106.589722,31.461
1764724106.626146,1422,256,1764724106.594721,31.425
1764724106.631262,1423,256,1764724106.599743,31.519
1764724106.636258,1424,256,1764724106.604741,31.517
1764724106.641248,1425,256,1764724106.609753,31.495
1764724106.646250,1426,256,1764724106.614735,31.515
1764724106.651304,1427,256,1764724106.619826,31.478
1764724106.656291,1428,256,1764724106.624807,31.484
1764724106.661271,1429,256,1764724106.629831,31.440
1764724106.666136,1430,256,1764724106.634741,31.395
1764724106.671295,1431,256,1764724106.639835,31.460
1764724106.676197,1432,256,1764724106.644733,31.464
1764724106.681201,1433,256,1764724106.649738,31.463
